Mobile,Price,Brand
Itel S24,24999,Itel
Samsung Galaxy A15,40200,Samsung
Xiaomi Redmi Note 13,44100,Xiaomi
Xiaomi Redmi A3,17800,Xiaomi
Xiaomi Redmi Note 14,48799,Xiaomi
Tecno Camon 30,45999,Tecno
Samsung Galaxy A06,20900,Samsung
Samsung Galaxy A16,43999,Samsung
Xiaomi Redmi 13,31899,Xiaomi
AllCall Shine 12 Pro,16999,AllCall
Nokia 105 Classic,3799,Nokia
Jazz Digit E2 Pro 4G,5799,Jazz
Xiaomi Redmi A3x,16899,Xiaomi
Xiaomi Redmi 14C,24799,Xiaomi
Tecno Spark 30,32999,Tecno
Nokia 110 2023,5499,Nokia
Dcode Cygnal 3,18099,Dcode
Xiaomi Poco C75,29299,Xiaomi
VGO TEL Note 23,26899,VGO
Tecno Spark 20,26399,Tecno
Samsung Galaxy A05s,30500,Samsung
Samsung Galaxy A05,25500,Samsung
Samsung Galaxy A34,75999,Samsung
Samsung Galaxy A35 5G,95999,Samsung
Xiaomi Redmi Note 13 Pro,56999,Xiaomi
Nokia 106 2023,4599,Nokia
Nokia 150 (2023),7799,Nokia
Infinix Note 40 Pro,64899,Infinix
Samsung Galaxy A55 5G,118999,Samsung
Digit 4G Energy Max,6699,Digit
Itel P55,21799,Itel
Nokia 108 (2024),5049,Nokia
GFive 4G Smart,6149,GFive
Honor X8b,69299,Honor
Xiaomi Redmi Note 14 Pro,72499,Xiaomi
Sego S24,25999,Sego
ZTE Blade A35,15799,ZTE
Infinix Smart 9 HD,21599,Infinix
Sparx Note 12,21549,Sparx
SEGO NEO 20,16299,SEGO
Infinix Note 40,49100,Infinix
Samsung Galaxy S23 FE,167999,Samsung
AllCall Shine 12T,14999,AllCall
Infinix Hot 50,35399,Infinix
Realme C65,37799,Realme
Realme C63,30299,Realme
Realme C61,29099,Realme
itel P55 Plus,26299,itel
Sparx Neo X,21799,Sparx
Sparx Neo 5 Pro,16799,Sparx
Faywa Smart Flip,3799,Faywa
Samsung Galaxy S25 Ultra,464999,Samsung
Infinix Note 40 Pro Plus,75299,Infinix
Tecno Camon 30S,48999,Tecno
Infinix Hot 50i,28999,Infinix
Oppo A18,25899,Oppo
Dcode Cygnal 4 Lite,18399,Dcode
Sparx Neo 7 Ultra,22499,Sparx
Itel Power 900,4799,Itel
GFive 6700 4G (2024),6099,GFive
Nokia 5310 (2020),9599,Nokia
Dcode Bold 3,28799,Dcode
Xiaomi 14T,154999,Xiaomi
Itel S25 Ultra,44099,Itel
itel Flip 1,5799,itel
Itel P65C,20699,Itel
Realme Note 60x,18499,Realme
Calme 4g Platinum,5199,Calme
Xiaomi Redmi Note 12,40999,Xiaomi
Samsung Galaxy A14,35999,Samsung
Infinix Hot 50 Pro,40499,Infinix
Xiaomi Redmi Note 14 Pro Plus,131299,Xiaomi
Itel It5262,3799,Itel
Itel It2165,2299,Itel
Vivo V40e,90299,Vivo
Itel It5361,3999,Itel
Nokia 105 2023,4099,Nokia
VGO Tel New 26,25499,VGO
itel A50C,14499,itel
Infinix Zero 40 4G,63499,Infinix
itel A70,19099,itel
Realme C75,43699,Realme
Sparx Neo 8 Pro,22899,Sparx
Xiaomi Redmi 10A,21499,Xiaomi
Tecno SPARK 30C,26999,Tecno
Dcode Cygnal 4,23399,Dcode
Tecno Spark Go 1,19999,Tecno
Itel it2166,2699,Itel
Sparx Neo 11,19499,Sparx
Sparx Note X,25799,Sparx
Villaon V110,2099,Villaon
Samsung Galaxy A13,29999,Samsung
Sparx Neo 7 Plus,18299,Sparx
Xiaomi Poco X7 pro,139999,Xiaomi
Itel P40 4G,17999,Itel
Honor X6,23299,Honor
Vivo Y19s,37700,Vivo
Vivo Y03t,26300,Vivo
XMobile Dhoom Plus,2999,XMobile
Infinix Hot 50,35399,Infinix
VGO TEL i15,4299,VGO
Calme 4G Edge,8899,Calme
Club Mobile Maula Jutt,3199,Club
Samsung Galaxy Z Flip 6,330999,Samsung
Realme Note 60,23099,Realme
VNUS SE22,14999,VNUS
Dcode Cygnal 3 Lite,17799,Dcode
Dcode Cygnal 4 Pro,28999,Dcode
Dcode Cygnal 4 Pro,28999,Dcode
VGO TEL Smart HI-FI,4699,VGO
Samsung Galaxy A25,66999,Samsung
FAYWA Prime 1,2299,FAYWA
Oppo Reno 12F 4G,52399,Oppo
Calme 4G Music,5099,Calme
Samsung Galaxy Z Flip 6,330999,Samsung
Vivo Y18,33800,Vivo
Vgotel Flex 2,12799,Vgotel
itel Power 120,3099,itel
XMobile Music King,3099,XMobile
VGO TEL i104,2199,VGO
VGO TEL i10,3699,VGO
itel Muzik 400,4699,itel
Itel Muzik 450,3999,Itel
Calme C251,2599,Calme
MeMobile Power Pro,2399,MeMobile
XMobile X4 Music,3099,XMobile
Faywa Diamond,3599,Faywa
Faywa F555,3599,Faywa
Tecno POP 5 LTE,15999,Tecno
Calme 4G king,9249,Calme
Apple iPhone 16 Pro Max,470500,Apple
itel Value 110,2449,itel
GFive 16 Pro Max,4299,GFive
VGO TEL New 15,16049,VGO
Calme Ultra Lite S,2799,Calme
GRESSO E3100,2499,GRESSO
E-Tachi E8 Classic,3649,E-Tachi
E-tachi iPro Fold,4599,E-tachi
Sego Value 200,2449,Sego
Samsung Galaxy Z Fold 6,519999,Samsung
Vivo Y04,28499,Vivo
Xmobile xking,3170,Xmobile
Club Mobile 15 pro Metal,3099,Club
Faywa Smart Max,3249,Faywa
Faywa Smart Max,3249,Faywa
Villaon Pock 1,2999,Villaon
Hello Tech V2,2399,Hello
Vivo Y100,50900,Vivo
Vivo V40,127999,Vivo
Itel it5200,3499,Itel
GFive 4G Ultra Pro,6149,GFive
Xmobile x4 pro,3499,Xmobile
FAYWA F14 Pro (4 Sim),3199,FAYWA
Samsung Galaxy S25 Ultra,449999,Samsung
Infinix Smart 8,22599,Infinix
Vivo Y200 4G,57600,Vivo
Tecno POP 5 LTE,15999,Tecno
Itel A05s,18399,Itel
Calme C552,2999,Calme
Calme Music 500,3099,Calme
Memobile Dj Power,3499,Memobile
KXD Classic Core A09,17299,KXD
Sego Smart 9 HD,14699,Sego
VGO TEL New 25,24549,VGO
Itel It2176,2999,Itel
itel P65,26699,itel
Calme 4g Star,7399,Calme
ZTE Nubia V60 Design,24599,ZTE
GRESSO E1280,2799,GRESSO
Villaon V5606,2249,Villaon
Villaon V30 RS,17199,Villaon
Villaon V220,2999,Villaon
Hello Tech G1,2399,Hello
VGO TEL New 16,17099,VGO
GFive Falak,3199,GFive
Gfive Baadshah,3199,Gfive
Calme 4G Spark,8999,Calme
ZTE Blade V60 Smart,22699,ZTE
Memobile I Smart Pro,3349,Memobile
REMAXX Thunder Pro,2649,REMAXX
XMobile Disco Plus,3899,XMobile
Spice iPro,2399,Spice
Club Mobile A1000 plus,3149,Club
Calme M17,2675,Calme
KXD Classic core A07,16699,KXD
Sparx Neo 9,18599,Sparx
Sparx Neo 8 lite,17799,Sparx
Sego 200S,2399,Sego
VGO TEL Four 22,3549,VGO
Itel A80,20099,Itel
Gfive 15 Pro,3749,Gfive
Calme M16,2299,Calme
Calme Hero 4G,6899,Calme
calme CL 888,2999,calme
me Mobile I251,2649,me
E-Tachi iPro,4399,E-Tachi
Honor 90 Lite,75999,Honor
Vivo Y28,40399,Vivo
Vivo X200 Pro,322999,Vivo
VGO TEL i710,4299,VGO
VGO TEL i16,3999,VGO
VGO TEL New 15 Pro,16499,VGO
Calme 4G LITE,7199,Calme
me Mobile Magic Power,2699,me
XMobile X2 Play,2449,XMobile
Apple iPhone 11,143999,Apple
Apple iPhone 13,225999,Apple
Sparx Neo 7 Pro,18299,Sparx
Oppo A3,52999,Oppo
Vgo Tel iMusic Plus,3649,Vgo
VGO TEL BEAUTY PRO,3699,VGO
Itel It 5031,3499,Itel
Itel A50,15999,Itel
GFive Style 4G,5699,GFive
Calme Music 300,3149,Calme
Calme C222,2999,Calme
Memobile Ismart Max,3599,Memobile
GRESSO Jugnu,2799,GRESSO
Spice S5,2999,Spice
Club Mobile Power 999,3199,Club
Sparx Neo 7 Pro,18299,Sparx
Qmobile Q Galaxy,5599,Qmobile
Nokia C12 Pro,17999,Nokia
Samsung Galaxy S25,314999,Samsung
Samsung Galaxy S24 FE,192999,Samsung
Apple iPhone 16 Plus,359999,Apple
Apple iPhone 16 Pro,400000,Apple
Xiaomi Redmi Note 13 Pro Plus,131299,Xiaomi
Motorola Moto G85 5G,74699,Motorola
Realme 12 4G,51899,Realme
VGO TEL i888,4699,VGO
itel Muzik 410 Pro,3999,itel
Calme iMax,2899,Calme
Calme C108,2499,Calme
Calme C251 Lite,2599,Calme
ZTE Nubia Focus Pro 5G,52999,ZTE
Sparx Neo 8 Plus,21299,Sparx
Sparx Neo 9i,20799,Sparx
Memobile iPower pro,2749,Memobile
Memobile Plantinum 2,3699,Memobile
Memobile I Smart Ultra,3449,Memobile
XMobile X2 Selfie,2449,XMobile
E-Tachi Mega Music Pro,3549,E-Tachi
E-Tachi Magic E5,3749,E-Tachi
FAYWA J3 Slim,2899,FAYWA
Sego Zero 50,49999,Sego
Oppo Reno 12 5G,135999,Oppo
GFive Rocky,2999,GFive
GFive Lion,3350,GFive
GFive Big Falak,3149,GFive
Calme Ultra Slim,2449,Calme
VGO TEL S20,3999,VGO
REMAXX R1280,2349,REMAXX
XMobile X4,2899,XMobile
XMobile Gabbar Pro Plus,3699,XMobile
XMobile X4i,2899,XMobile
XMOBILE E4 NEW,3799,XMOBILE
Xmobile D4 (4 Sim),3599,Xmobile
E-Tachi Mega King,3949,E-Tachi
E-tachi E9 Metal,3299,E-tachi
Faywa F666,2999,Faywa
KXD Classic core A06,15299,KXD
Sparx ultra 8 pro,31299,Sparx
HONOR X9b,105999,HONOR
XSmart Nova 7,17899,XSmart
XSmart Mate 10,20899,XSmart
Hello Tech S1,2299,Hello
Hello Tech G3,2599,Hello
Oppo Reno 12 5G,135999,Oppo
Itel Magic 4,4099,Itel
VGO TEL S20,3999,VGO
Calme C112,2499,Calme
ZTE Nubia Focus 5g,40699,ZTE
Memobile ismart,3199,Memobile
Memobile Bouncer,2500,Memobile
GRESSO Turbo 2 Plus,2899,GRESSO
REMAXX R105,2699,REMAXX
XMobile Mega Gabbar,3999,XMobile
XMobile X1000 Party,3599,XMobile
E-Tachi Music E10,3899,E-Tachi
Spice iPro Max,2849,Spice
Spice ipro Ultra,3499,Spice
Faywa Smart 4G,7349,Faywa
FAYWA F111,2449,FAYWA
Faywa Smart 2,3699,Faywa
Faywa F222,2599,Faywa
Apple iPhone 16,324999,Apple
Hello Tech B100,2899,Hello
Faywa Smart 2,3699,Faywa
Faywa F222,2599,Faywa
Hello Tech B100,2899,Hello
Qmobile E 3000,3999,Qmobile
Samsung Galaxy S24 Ultra,423999,Samsung
Tecno Phantom V Fold,200499,Tecno
Xiaomi Mix Flip,334999,Xiaomi
Motorola Edge 50 Ultra,231999,Motorola
VGO TEL iMusic,4199,VGO
VGO TEL S22,4399,VGO
VGO TEL New 24,19499,VGO
VgoTel Easy 200 lite,2649,VgoTel
Calme Spark,2699,Calme
Calme Four Sim,3499,Calme
Calme 4g Cloud,5099,Calme
ZTE Nubia Music,22999,ZTE
me Mobile L109,2350,me
GRACE 9,24799,GRACE
Memobile Yorker,2500,Memobile
Hello Tech G4,3649,Hello
GRESSO CR7,2799,GRESSO
XMobile Champion,3599,XMobile
XMobile X1000 Music,3999,XMobile
XMobile X4 Plus,3749,XMobile
Xmobile X6,3099,Xmobile
XMobile Muisc 400 Mini,2599,XMobile
Spice S5026,2999,Spice
Club Mobile Rambo,2999,Club
Club Mobile Sultan,3349,Club
UMIDIGI A15,34399,UMIDIGI
Villaon V30,13499,Villaon
Hello Tech G7,2399,Hello
Hello Tech E7,2499,Hello
Hello Tech E5,2299,Hello
Samsung Galaxy Z Fold 4,340000,Samsung
QMobile QSmart 8,17699,QMobile
Tecno SPARK 30 Pro,40399,Tecno
Itel Neo R60+ 4G,6399,Itel
VGO Tel Smart 8,16899,VGO
GFive Music 200,2399,GFive
GFive Soldier,3099,GFive
Calme C107,2499,Calme
calme C661,2899,calme
MeMobile M106,2749,MeMobile
Memobile Hungama Max,3399,Memobile
Memobile I touch,3549,Memobile
MeMobile Magic Pro,2350,MeMobile
Gresso Turbo 2,2399,Gresso
REMAXX R110,2349,REMAXX
XMobile Music Ka Sultan Plus,2999,XMobile
XMobile Dabang Plus,3849,XMobile
XMobile Gabbar Plus,2999,XMobile
Xmobile X4 Ultra,3300,Xmobile
E-Tachi Mega Music,3749,E-Tachi
Club Mobile PacMan,3349,Club
Faywa E1000 Music,3600,Faywa
Faywa Music 700,3349,Faywa
Faywa NEX1 4G,7099,Faywa
KXD Classic Core A10,19299,KXD
Honor X9a 5G,101999,Honor
Xsmart Core X,17899,Xsmart
Hello Tech G8,3050,Hello
HelloTech M3,2749,HelloTech
Hello Tech M4,3249,Hello
Oppo A3x,26099,Oppo
Xiaomi 14,299999,Xiaomi
Xiaomi Redmi 13C,28999,Xiaomi
Motorola Razr 50,212999,Motorola
VGO TEL NEW 12,14699,VGO
Calme C885,3199,Calme
CALME 4G Power,9399,CALME
Calme Power light,2999,Calme
ZTE Blade A55,17299,ZTE
Sparx Neo 5 Plus,17399,Sparx
Sparx Neo 6 Plus,18399,Sparx
Sparx Edge 20 Pro,45399,Sparx
Honor 90,144999,Honor
XSmart Nova 5,18099,XSmart
me Mobile Power 4,3199,me
Memobile M110,2299,Memobile
XMobile SL100 Plus,3649,XMobile
XMobile Music Master,2899,XMobile
Club Mobile 4 Plus (4-sim),3179,Club
FAYWA Eagle 1,3299,FAYWA
Faywa Smart 3,3749,Faywa
Faywa Pro 1 4g,7499,Faywa
UMIDIGI G3 Plus,24999,UMIDIGI
UMIDIGI A15C,31699,UMIDIGI
Hello Tech E500,2599,Hello
Hello Tech G2 Lite,2499,Hello
Hello Tech J10,3499,Hello
Itel Neo X30+,6899,Itel
REMAXX Hero,2450,REMAXX
Faywa F21,2099,Faywa
VGO TEL I550,3499,VGO
GIONEE L800i,3799,GIONEE
Calme E1000,3199,Calme
FAYWA F2,2099,FAYWA
Faywa F6,1999,Faywa
AllCall Hero 20i,17999,AllCall
AllCall Magic 15,18629,AllCall
Villaon V40s,15599,Villaon
Sparx S7,13999,Sparx
Gresso A10,3300,Gresso
OUKITEL C36,20499,OUKITEL
XMOBILE X1 PLAY,2499,XMOBILE
Xmobile X16,3999,Xmobile
Club Mobile A9 Victory,2999,Club
Faywa Music 500,3299,Faywa
Faywa J1 Classic,3149,Faywa
Qmobile E 2000 Music,3899,Qmobile
Itel Muzik 430,3640,Itel
Xmobile X2 Plus,2449,Xmobile
Faywa F4,2899,Faywa
Faywa Music 800,3099,Faywa
FAYWA SMART 1,3549,FAYWA
Memobile iSmart Gold,3699,Memobile
Memobile Platinum,3749,Memobile
Xmobile Power X,3899,Xmobile
Xmobile Dabang Pro,2999,Xmobile
Xmobile X101,2599,Xmobile
Xmobile G3 Plus,3399,Xmobile
Faywa F7,2149,Faywa
Faywa F10,2849,Faywa
QMobile Qsmart Blaze,16299,QMobile
Qmobile QSmart Ultra,20599,Qmobile
QMobile QHero,3299,QMobile
Qmobile Classic,2699,Qmobile
Nokia 110 (2019),6999,Nokia
Nokia 105,5549,Nokia
Nokia 2660 Flip,16199,Nokia
Oppo A60,48499,Oppo
Samsung Galaxy A04,19200,Samsung
Apple iPhone 14 Pro,505999,Apple
Apple iPhone 15 Pro,399999,Apple
Infinix Smart 7 HD,17499,Infinix
Xiaomi Redmi A2 Plus,19999,Xiaomi
Xiaomi Poco C65,35999,Xiaomi
Poco X6 Pro 5G,122099,Poco
Xiaomi 15,253799,Xiaomi
Motorola Moto G84 5G,66999,Motorola
Realme GT 6,149999,Realme
Realme 12+ 5G,73299,Realme
Realme 13+ 5G,78999,Realme
Tecno Pova Neo 2,36499,Tecno
Tecno Pop 7,17899,Tecno
Tecno Pova 6,44999,Tecno
Jazz Digit Music 4G,7499,Jazz
GFive G550 Power,3299,GFive
GFive star,1999,GFive
Calme C5310,2399,Calme
Calme D105,2299,Calme
Calme 4G Hot,4899,Calme
Calme C12,2399,Calme
Calme 4G turbo,4899,Calme
Digit Glory 1,12799,Digit
Jazz Digit E3 Pro 4G,10999,Jazz
Digit E4 Pro 4G,9699,Digit
ZTE Blade A31 Plus,12299,ZTE
Dcode Cypher,24999,Dcode
Dcode Cygnal 2 Pro,16399,Dcode
Dcode Cygnal 2,14999,Dcode
VGO TEL i14,3650,VGO
VGO TEL i102,2599,VGO
Vgotel Flex 2,12799,Vgotel
Itel Vision 3,10999,Itel
Itel A60s,18999,Itel
Itel SG600,3399,Itel
Itel Power 450,3899,Itel
Sparx Ultra 11,26399,Sparx
Honor X5,15499,Honor
me Mobile Magic Sound,2699,me
me Mobile M-1110 Lite,2425,me
me Mobile M6310,2749,me
GRESSO 007i,2349,GRESSO
OUKITEL C32,25899,OUKITEL
XMobile F6 Plus,3899,XMobile
XMobile SL100 Plus Lite,3999,XMobile
XMobile X1 Lite,2399,XMobile
E-Tachi B13,2624,E-Tachi
Tecno Pop 7,17899,Tecno
Tecno Pova 6,44999,Tecno
Itel Vision 3,10999,Itel
Itel A60s,18999,Itel
Itel SG600,3399,Itel
Itel Power 450,3899,Itel
Dcode Cypher,24999,Dcode
Dcode Cygnal 2 Pro,16399,Dcode
Dcode Cygnal 2,14999,Dcode
VGO TEL i14,3650,VGO
VGO TEL i102,2599,VGO
Vgotel Flex 2,12799,Vgotel
GFive Fighter,2899,GFive
GFive Boss,3099,GFive
GFive Don,2849,GFive
GFive Music 300,2399,GFive
GFive iMaxx,2949,GFive
GFive Power Bank,3499,GFive
Calme Music 600,3049,Calme
Calme Ultra Pro X,3349,Calme
Calme C17,2399,Calme
Calme CL251,2799,Calme
Digit Play 1,13399,Digit
me Mobile M-1110,2299,me
me Mobile L788,2599,me
MeMobile Grace 10,29999,MeMobile
Memobile Banana,2199,Memobile
Memobile XL300,3499,Memobile
GRESSO R106,2799,GRESSO
Gresso Rock star,4199,Gresso
VNUS Sky 1,11099,VNUS
E-Tachi B105 Lite,2599,E-Tachi
E-Tachi E200,3799,E-Tachi
E-Tachi B222 lite,2999,E-Tachi
E-TACHI B01,2649,E-TACHI
Club Mobile Ali Baba,2699,Club
Dcode Cygnal 2 Lite,13799,Dcode
VGO TEL i251,3399,VGO
VGO TEL NEW 20,18299,VGO
VGO TEL New 22,17999,VGO
VGO-TEL Easy 200,2549,VGO-TEL
Itel Power 700 Core,3999,Itel
itel P17 Pro,11299,itel
Itel A49 Play,16399,Itel
Itel Super Guru 600,3399,Itel
Gionee Q23,3299,Gionee
Sparx Note 20,42999,Sparx
Honor X7b,46299,Honor
GFive Fighter,2899,GFive
GFive Boss,3099,GFive
GFive Don,2849,GFive
GFive Music 300,2399,GFive
GFive iMaxx,2949,GFive
GFive Power Bank,3499,GFive
Calme Music 600,3049,Calme
Calme Ultra Pro X,3349,Calme
Calme C17,2399,Calme
Calme CL251,2799,Calme
Digit Play 1,13399,Digit
me Mobile M-1110,2299,me
me Mobile L788,2599,me
MeMobile Grace 10,29999,MeMobile
Memobile Banana,2199,Memobile
Memobile XL300,3499,Memobile
GRESSO R106,2799,GRESSO
Gresso Rock star,4199,Gresso
VNUS Sky 1,11099,VNUS
E-Tachi B105 Lite,2599,E-Tachi
E-Tachi E200,3799,E-Tachi
E-Tachi B222 lite,2999,E-Tachi
E-TACHI B01,2649,E-TACHI
Club Mobile Ali Baba,2699,Club
Club Mobile Music 400,3499,Club
Club Mobile Light club pro,2999,Club
FAYWA Prime 2,2149,FAYWA
QMobile Gabbar,3799,QMobile
QMobile Music 400 Pro,3777,QMobile
QMobile SL100,3880,QMobile
Qmobile QGuru Plus,2099,Qmobile
Qmobile QGuru,1999,Qmobile
Qmobile Q150s,2749,Qmobile
QMobile QStar,3149,QMobile
Qmobile Qneo,2649,Qmobile
Qmobile Qicon,2499,Qmobile
Qmobile Qplay,2449,Qmobile
QPhantom,4699,QPhantom
Nokia C31,20399,Nokia
Nokia 130 (2024),6549,Nokia
Nokia 3210,11599,Nokia
Samsung Galaxy Z Flip 4,204999,Samsung
Samsung Galaxy A04s,27999,Samsung
Samsung Galaxy A24 4G,48999,Samsung
Apple iPhone 14 Plus,420999,Apple
Oppo A78,58999,Oppo
Oppo A38,40999,Oppo
Oppo Reno 11 5G,89999,Oppo
Infinix GT 20 Pro,89499,Infinix
Vivo Y27s,41500,Vivo
Realme C53,30150,Realme
Realme Note 50,22499,Realme
Tecno Spark 10,23799,Tecno
Tecno Spark 20C,26299,Tecno
Xiaomi Redmi 12,35999,Xiaomi
Dcode Bold 3 Pro,41499,Dcode
VGO TEL New 7,6299,VGO
VGO TEL i12,4949,VGO
VGO TEL Four 44,3649,VGO
VGO TEL S10,4099,VGO
VGO TEL iMusic Lite,3899,VGO
VGO-TEL V5310,4699,VGO-TEL
GFive Style,2999,GFive
GFive Rose,3299,GFive
GFive Gold,2049,GFive
Gfive Pro Max,3299,Gfive
GFive Prime,2199,GFive
GFive pro,3199,GFive
Calme Music 400,3499,Calme
Calme 4G Prime,10049,Calme
Calme battery ka pehlwan,3524,Calme
Calme M116,2799,Calme
CALME M23,2299,CALME
Jazz Digit Crown 4G,6299,Jazz
Digit Infinity,13899,Digit
DIGIT Hero,4049,DIGIT
Digit 4G Power Max,6500,Digit
ZTE Blade A51,13300,ZTE
ZTE Blade A52,15999,ZTE
ZTE Blade A54,18999,ZTE
ZTE Nubia Neo 2 5G,51299,ZTE
me Mobile L108,2799,me
me Mobile Magic Star,3550,me
me Mobile Magic Max,2799,me
VNUS Rock 1,10099,VNUS
XMobile X1,2799,XMobile
XMobile X4 Lite,3999,XMobile
E-Tachi B105,2599,E-Tachi
E-Tachi E5310 Lite,3799,E-Tachi
E-Tachi B222,2999,E-Tachi
E-Tachi iPro Max,4799,E-Tachi
E-tachi B2 Lite,2949,E-tachi
E-tachi Five Star,4249,E-tachi
Club Mobile Ali Baba 1,2699,Club
Club Mobile A1000,3799,Club
Club Mobile Noori naath,3099,Club
Faywa L1,2549,Faywa
FAYWA Magic 1,2575,FAYWA
FAYWA Magic Power,2099,FAYWA
FAYWA Prime 3,2149,FAYWA
FAYWA Eagle 2 (4 SIM),2899,FAYWA
Infinix Smart 8 Pro,24999,Infinix
Samsung Galaxy S24,252999,Samsung
Apple iPhone 14 Pro Max,499999,Apple
Apple iPhone 15,321999,Apple
Apple iPhone 15 Plus,377100,Apple
QMobile SL50i,3999,QMobile
QMobile Music Ka Sultan,3799,QMobile
QMobile QStar Max,4099,QMobile
Nokia 105 2022,6199,Nokia
Nokia C21,15499,Nokia
Nokia 105 Plus,5499,Nokia
Nokia 110 2022,7999,Nokia
Nokia C22,22999,Nokia
Motorola Moto G23,32999,Motorola
Motorola Moto G54 5G,43499,Motorola
Realme C51,23199,Realme
Tecno Spark Go 2024,18999,Tecno
Tecno Phantom V Flip 2 5G,104999,Tecno
Tecno Phantom V Fold 2 5G,369999,Tecno
GFive G251,3499,GFive
GFive G3310,2749,GFive
GFive Rock,2700,GFive
Gfive G4 Play,3199,Gfive
GFive Dhoom,2149,GFive
GFive Ultra pro,3099,GFive
GFive magic pro,3149,GFive
GFive Guru,2399,GFive
Calme 4G Smart,9599,Calme
me Mobile Magic Star Pro,2699,me
Memobile E100,2199,Memobile
XMobile Jeet,2799,XMobile
Xmobile X400 Ultra,3099,Xmobile
E-Tachi E4i,4599,E-Tachi
E-Tachi E40i,3699,E-Tachi
E-Tachi E7i,3799,E-Tachi
E-Tachi E777,3899,E-Tachi
E-tachi Ipro 4g,7099,E-tachi
Club Mobile Night Club Pro,2899,Club
Sparx Ultra 8,28399,Sparx
Honor X5 Plus,24399,Honor
Qmobile E1000 Party 2021,3549,Qmobile
QMobile SL100 Power,4299,QMobile
Qmobile Music Ka Sultan Pro,3999,Qmobile
Qmobile Q150,2649,Qmobile
QMobile E990i Sirocco,3599,QMobile
QMobile Q130 classic,2465,QMobile
Qmobile QSpark,2699,Qmobile
Qmobile Spark 4000,3899,Qmobile
Nokia 130,5549,Nokia
Nokia 230 Dual SIM,12399,Nokia
Nokia G21,24699,Nokia
Samsung Galaxy S22 Ultra,289999,Samsung
Samsung Galaxy S23 Ultra,332999,Samsung
Samsung Galaxy S24 Ultra (12GB-256GB),434999,Samsung
Apple iPhone 14,259999,Apple
Xiaomi Redmi A1+,16299,Xiaomi
Xiaomi Redmi 12C,21399,Xiaomi
Xiaomi 14 Ultra,369599,Xiaomi
Tecno Spark 10C,23999,Tecno
Tecno Spark 10 Pro,30999,Tecno
Tecno Camon 20 Pro,43999,Tecno
Tecno Spark 20 Pro,38499,Tecno
Dcode Cygnal 3 Pro,19899,Dcode
VGO TEL i101,2199,VGO
VGO TEL i252,3999,VGO
VGO TEL S9,4049,VGO
VGO TEL i510,3499,VGO
Itel S23 4G,22299,Itel
GFive Big Fighter,2499,GFive
Gfive Fire,3199,Gfive
GFive 6700 4G,7199,GFive
GFive 2Eye,1949,GFive
GFive Smart,2399,GFive
GFive Mega,2149,GFive
GFive ultra smart,2999,GFive
Gfive Music 500,2749,Gfive
Calme i14 Max,4099,Calme
Calme Sound Master,3249,Calme
Calme 4g Premium,8899,Calme
Jazz Digit Shine 4G,7599,Jazz
Digit Infinity Max,14299,Digit
Digit Next Ultra,18299,Digit
ZTE Blade V30 Vita,19499,ZTE
ZTE Blade A53 Pro,15999,ZTE
ZTE Blade A72s,22499,ZTE
ZTE Blade V50 Design,27999,ZTE
Sparx Neo 8i,18599,Sparx
Honor X6a,25999,Honor
GRESSO R106 Pro,2549,GRESSO
XMobile X3,2899,XMobile
Xmobile Boom I,3599,Xmobile
E-Tachi B12,2599,E-Tachi
E-Tachi E-Prime,3699,E-Tachi
E-tachi E4 Hero,2999,E-tachi
E-tachi Star One,3899,E-tachi
Club Mobile A3000,3399,Club
Club Mobile Music 110,2399,Club
Club Mobile A90+,2969,Club
Club mobile One Plus,3299,Club
Villaon V112,2399,Villaon
Villaon V210,2499,Villaon
Qmobile E4 Quad PRO,3599,Qmobile
Vivo V30 5G,116999,Vivo
Tecno Camon 19 Pro,49999,Tecno
GFive Crown,2325,GFive
VGO TEL i261,3349,VGO
VGO TEL Beauty,2999,VGO
Itel Magic 3,5499,Itel
me Mobile L110,1599,me
me Mobile Power Star,1675,me
me Mobile Power Max,1775,me
me Mobile DJ Master,2199,me
Memobile Hungama Shine,3199,Memobile
Gresso G105,2400,Gresso
REMAXX Star,2899,REMAXX
XMobile X7,4099,XMobile
Xmobile D4 Ultra,4099,Xmobile
Club Mobile 105A,2599,Club
Club Mobile A20,3499,Club
Club Mobile A95 Plus,3599,Club
Faywa F3,2199,Faywa
Faywa Magic Star,2549,Faywa
Faywa Dabang,3099,Faywa
Faywa Dhoom,3325,Faywa
Faywa Music 400 Pro,2899,Faywa
QMobile i4i,7999,QMobile
Nokia 110 4G,5999,Nokia
Tecno Camon 18P,45499,Tecno
Xiaomi Redmi Note 12S,69499,Xiaomi
VGO TEL Beauty Max,3649,VGO
Gionee Q26,3499,Gionee
GFive Speed,2799,GFive
GFive Mega Music,3499,GFive
Calme C106,2399,Calme
me Mobile L100,1450,me
Xmobile D4 Lite,4049,Xmobile
Xmobile X50,3799,Xmobile
E-Tachi E200 Lite,3899,E-Tachi
E- Tachi Mega Metal,3799,E-
E-tachi iPro Plus,4199,E-tachi
E-tachi E215 classic,3599,E-tachi
Club Mobile A5000,3499,Club
Faywa E2000 Music,3525,Faywa
Faywa K115,2399,Faywa
Faywa J2 CLASSIC,3049,Faywa
QMobile E400 Pro,3119,QMobile
QMobile Q130 Pro,2465,QMobile
Qmobile Q105i,2415,Qmobile
Qmobile Qclub,3399,Qmobile
Nokia 150 (2020),9499,Nokia
Tecno Camon 18 Premier,74999,Tecno
Tecno Pova Neo,22799,Tecno
itel Value 100,2799,itel
Itel A49,15899,Itel
itel A17,10599,itel
itel S23 Plus,36399,itel
Memobile XL 4000,3199,Memobile
Xmobile X101 Plus,2749,Xmobile
Xmobile Platinum 1000,4099,Xmobile
Faywa L7,2549,Faywa
Faywa L9,2599,Faywa
Faywa Music 600,3299,Faywa
Faywa E1000 Party,3179,Faywa
Faywa K13,2350,Faywa
X-CELL XL-602,2699,X-CELL
Samsung Galaxy S24 Ultra (12GB-1TB),444999,Samsung
Qmobile E1000 Party V2,3349,Qmobile
Nokia 106 (2018),5499,Nokia
Nokia 5710,17999,Nokia
Xiaomi Redmi Note 12 Pro,81999,Xiaomi
Realme C30,16499,Realme
Tecno Camon 18T,41999,Tecno
Tecno Spark 9T,27999,Tecno
Tecno Camon 19 Pro Mondrian,64999,Tecno
itel Muzik 410,4099,itel
itel Value 110s,2549,itel
itel Value 100s,2549,itel
Dcode Bold,29999,Dcode
GFive Champ,3599,GFive
GFive Cobra,3099,GFive
GFive Disco,3199,GFive
GFive Hero,3249,GFive
Calme M221,2799,Calme
Digit Bravo,2799,Digit
me Mobile Power Bold,2999,me
me Mobile Power Music,1799,me
VNUS Boss 1,3099,VNUS
REMAXX Eco,2499,REMAXX
Xmobile Battery Ka Badshah,2899,Xmobile
E-Tachi E888,3749,E-Tachi
Spice Mega Music,2425,Spice
Faywa L2,2530,Faywa
Faywa SL100,3275,Faywa
Faywa Music 400,3299,Faywa
Faywa B1 Mini,2599,Faywa
Sparx Neo 8,19999,Sparx
QMobile G3,4399,QMobile
Qmobile E1000 Music,3749,Qmobile
Xiaomi Redmi 10C,23999,Xiaomi
Vivo V30e,95999,Vivo
Tecno Pop 5,17299,Tecno
Tecno Spark 8C,19499,Tecno
Tecno Camon 19 Neo,30499,Tecno
Tecno Camon 20,41999,Tecno
Dcode X,46199,Dcode
VGO TEL i20,4699,VGO
VGO TEL Note 24,29999,VGO
Itel A26,16399,Itel
itel A70 Pro,22299,itel
GFive Spark,2325,GFive
GFive music 400,3099,GFive
Calme C16,2399,Calme
Calme C105,2449,Calme
Calme C7 pro,3299,Calme
Jazz Digit Energy 4G,5899,Jazz
Sparx Neo 6,13399,Sparx
me mobile L101,1525,me
me Mobile L786,2899,me
me Mobile L106 Pro,1999,me
GRESSO 4sim,3399,GRESSO
GRESSO G110,3099,GRESSO
Xmobile X Flip,3564,Xmobile
Club Mobile 106,2599,Club
Faywa L5,2649,Faywa
Faywa SP1000,2475,Faywa
Faywa F6310,2949,Faywa
Faywa K14 (3 SIM),1849,Faywa
AllCall Hero 20 Max,20979,AllCall
Calme M15,2300,Calme
Villaon V230,2999,Villaon
E-Tachi B12 Star,1999,E-Tachi
E-Tachi Ipro shine,5350,E-Tachi
E-tachi Ipro Ultra,4750,E-tachi
Sego Magic 6,3199,Sego
VgoTel I 104,2310,VgoTel
GFive 4G Style,6999,GFive
E-Tachi E550 mini,2475,E-Tachi
Nokia 100,7000,Nokia
Itel it5209,3299,Itel
Calme msuic500,3300,Calme
SparX Edge 20,0,SparX
E-tachi Reno Plus,4650,E-tachi
E-tachi I pro 15,5200,E-tachi
Club Mobile Magic 3,4599,Club
GFive Baadshah 2.4,2999,GFive
E-tachi Power 1000,4450,E-tachi
E-tachi Smart Plus,3499,E-tachi
Faywa F110,2199,Faywa
Sego Note 60,0,Sego
SEGO Super 4G,5999,SEGO
Gfive Music 100,0,Gfive
Calme Classic,2600,Calme
VGO TEL I700,2850,VGO
me Mobile L102,1385,me
X Mobile G3 Plus,3300,X
Spice Muzik 400 Core,2550,Spice
VGO TEL I255,2200,VGO
VGO TEL I800,2950,VGO
VGO TEL S500,2450,VGO
Calme C888,3299,Calme
XMobile XStudio,3075,XMobile
E-Tachi Star Light,3175,E-Tachi
AllCall Hero 20 Pro Max,0,AllCall
VGO TEL V3310,2499,VGO
Gfive Power King,0,Gfive
XMobile X6 Lite,3299,XMobile
E-Tachi E550 Lite,4000,E-Tachi
Faywa Magic 2,2175,Faywa
XMobile Xstudio pro,3299,XMobile
XMobile X7 Power,3850,XMobile
E-Tachi E7 pro,3799,E-Tachi
E-tachi B13 Vip,2899,E-tachi
VGO TEL i11,2900,VGO
Gresso SILK SLIM,3400,Gresso
